<?xml version="1.0" encoding="UTF-8"?><!--This is an auto generated document. Changes to this document may cause incorrect behavior.--><wap-provisioningdoc>
  <characteristic type="ProfileInfo">
    <parm name="created_wizard_version" value="2.1.9"/>
  </characteristic>
  <characteristic type="Profile">
    <parm name="ProfileName" value="AppMgrProfile-1"/>
    <parm name="ModifiedDate" value="2014-06-20 16:34:43"/>

    <characteristic type="AppMgr" version="0.5">
      <parm name="emdk_name" value=""/>
      <parm name="Action" value="Install"/>
      <parm name="APK" value="/sdcard/TestApp.apk"/>
    </characteristic>
  </characteristic>
</wap-provisioningdoc>
