<?xml version="1.0" encoding="UTF-8"?><!--This is an auto generated document. Changes to this document may cause incorrect behavior.--><wap-provisioningdoc>
  <characteristic type="ProfileInfo">
    <parm name="created_wizard_version" value="2.1.4"/>
  </characteristic>
  <characteristic type="Profile">
    <parm name="ProfileName" value="PowerMgrProfile-1"/>
    <parm name="ModifiedDate" value="2014-06-18 00:09:12"/>
    <characteristic type="PowerMgr" version="0.1">
      <parm name="ResetAction" value="4"/>
    </characteristic>
  </characteristic>
</wap-provisioningdoc>
