<?xml version="1.0" encoding="UTF-8"?><!--This is an auto generated document. Changes to this document may cause incorrect behavior.--><wap-provisioningdoc>
  <characteristic type="ProfileInfo">
    <parm name="created_wizard_version" value="2.1.14"/>
  </characteristic>
  <characteristic type="Profile">
    <parm name="ProfileName" value="GPRSProfile-1"/>
    <parm name="ModifiedDate" value="2014-08-04 12:38:25"/>
    <characteristic type="GprsMgr" version="0.2">
      <parm name="emdk_name" value=""/>
      <parm name="GprsAction" value="3"/>
    </characteristic>
  </characteristic>
</wap-provisioningdoc>
