{
  "images" : [
    {
      "filename" : "9104159_write_compose_pencil_edit_message_icon (3).png",
      "idiom" : "universal",
      "scale" : "1x"
    },
    {
      "filename" : "9104159_write_compose_pencil_edit_message_icon (4).png",
      "idiom" : "universal",
      "scale" : "2x"
    },
    {
      "filename" : "9104159_write_compose_pencil_edit_message_icon (5).png",
      "idiom" : "universal",
      "scale" : "3x"
    }
  ],
  "info" : {
    "author" : "xcode",
    "version" : 1
  }
}
